-- Generation time: Fri, 28 Aug 2020 15:22:34 +0000
-- Host: mysql.hostinger.ro
-- DB name: u574849695_25
/*!40030 SET NAMES UTF8 */;
/*!40101 SET @OLD_CHARACTER_SET_CLIENT=@@CHARACTER_SET_CLIENT */;
/*!40101 SET @OLD_CHARACTER_SET_RESULTS=@@CHARACTER_SET_RESULTS */;
/*!40101 SET @OLD_COLLATION_CONNECTION=@@COLLATION_CONNECTION */;
/*!40103 SET @OLD_TIME_ZONE=@@TIME_ZONE */;
/*!40103 SET TIME_ZONE='+00:00' */;
/*!40014 SET @OLD_UNIQUE_CHECKS=@@UNIQUE_CHECKS, UNIQUE_CHECKS=0 */;
/*!40014 SET @OLD_FOREIGN_KEY_CHECKS=@@FOREIGN_KEY_CHECKS, FOREIGN_KEY_CHECKS=0 */;
/*!40101 SET @OLD_SQL_MODE=@@SQL_MODE, SQL_MODE='NO_AUTO_VALUE_ON_ZERO' */;
/*!40111 SET @OLD_SQL_NOTES=@@SQL_NOTES, SQL_NOTES=0 */;

DROP TABLE IF EXISTS `communities`;
CREATE TABLE `communities` (
  `id` bigint(20) unsigned NOT NULL AUTO_INCREMENT,
  `name` varchar(150) COLLATE utf8_unicode_ci DEFAULT NULL,
  PRIMARY KEY (`id`),
  KEY `communities_name_idx` (`name`)
) ENGINE=InnoDB AUTO_INCREMENT=101 DEFAULT CHARSET=utf8 COLLATE=utf8_unicode_ci;

INSERT INTO `communities` VALUES ('71','ab'),
('17','aliquam'),
('11','amet'),
('61','aperiam'),
('10','aspernatur'),
('50','assumenda'),
('78','atque'),
('43','aut'),
('49','aut'),
('79','aut'),
('41','autem'),
('66','delectus'),
('81','dolor'),
('86','dolor'),
('72','dolores'),
('77','ducimus'),
('20','ea'),
('57','eaque'),
('62','eius'),
('39','enim'),
('91','enim'),
('74','eos'),
('76','est'),
('18','et'),
('24','et'),
('34','et'),
('56','et'),
('73','et'),
('88','et'),
('21','eveniet'),
('28','eveniet'),
('68','eveniet'),
('83','expedita'),
('100','facere'),
('82','fuga'),
('13','fugit'),
('29','harum'),
('70','id'),
('58','illum'),
('87','in'),
('90','in'),
('3','ipsum'),
('25','iste'),
('84','iure'),
('92','iusto'),
('85','laudantium'),
('54','libero'),
('31','magni'),
('89','minus'),
('59','molestiae'),
('98','molestiae'),
('64','nemo'),
('12','nesciunt'),
('26','nesciunt'),
('7','nihil'),
('42','nostrum'),
('4','perferendis'),
('63','perspiciatis'),
('1','possimus'),
('97','quam'),
('5','quas'),
('19','quasi'),
('37','qui'),
('30','quia'),
('33','quia'),
('35','quia'),
('51','quia'),
('67','quia'),
('15','quidem'),
('23','quis'),
('80','quis'),
('48','quo'),
('95','quo'),
('99','ratione'),
('75','recusandae'),
('32','repellendus'),
('38','repudiandae'),
('93','repudiandae'),
('44','rerum'),
('40','saepe'),
('65','sit'),
('69','sit'),
('53','soluta'),
('36','tempora'),
('60','tempore'),
('27','totam'),
('52','totam'),
('14','ut'),
('46','vel'),
('94','vel'),
('8','velit'),
('22','velit'),
('2','voluptas'),
('16','voluptate'),
('47','voluptatem'),
('55','voluptatem'),
('96','voluptatem'),
('6','voluptates'),
('45','voluptates'),
('9','voluptatibus'); 


DROP TABLE IF EXISTS `friend_requests`;
CREATE TABLE `friend_requests` (
  `initiator_user_id` bigint(20) unsigned NOT NULL,
  `target_user_id` bigint(20) unsigned NOT NULL,
  `status` enum('requested','approved','unfriended','declined') COLLATE utf8_unicode_ci DEFAULT NULL,
  `requested_at` datetime DEFAULT current_timestamp(),
  `confirmed_at` datetime DEFAULT NULL,
  PRIMARY KEY (`initiator_user_id`,`target_user_id`),
  KEY `initiator_user_id` (`initiator_user_id`),
  KEY `target_user_id` (`target_user_id`),
  CONSTRAINT `friend_requests_ibfk_1` FOREIGN KEY (`initiator_user_id`) REFERENCES `users` (`id`),
  CONSTRAINT `friend_requests_ibfk_2` FOREIGN KEY (`target_user_id`) REFERENCES `users` (`id`)
) ENGINE=InnoDB DEFAULT CHARSET=utf8 COLLATE=utf8_unicode_ci;

INSERT INTO `friend_requests` VALUES ('1','1','approved','2012-11-19 10:03:51','2006-08-30 19:43:53'),
('2','2','unfriended','1974-08-29 16:50:13','2002-06-21 10:02:01'),
('3','3','requested','2016-09-17 05:38:33','2008-03-23 02:41:43'),
('4','4','approved','2006-05-10 05:26:16','1989-04-15 01:44:01'),
('5','5','approved','2019-09-24 14:34:48','1973-05-06 06:09:06'),
('6','6','approved','2003-08-21 01:56:31','2012-05-26 06:42:17'),
('7','7','approved','2006-10-06 03:38:22','2013-08-23 08:59:31'),
('8','8','requested','1975-08-07 13:52:17','2004-01-05 14:21:17'),
('9','9','declined','1985-02-24 03:03:07','1996-04-01 20:53:25'),
('10','10','unfriended','2000-12-31 22:00:54','1995-09-06 20:27:49'),
('11','11','approved','2005-02-01 10:32:03','1999-01-17 08:25:39'),
('12','12','approved','1979-07-17 04:07:21','1970-06-08 15:37:41'),
('13','13','requested','1972-01-10 18:00:35','1988-06-07 06:23:26'),
('14','14','approved','2016-09-03 17:18:15','1981-08-05 08:19:35'),
('15','15','requested','1979-11-25 19:15:59','2001-01-18 00:05:20'),
('16','16','unfriended','1994-08-18 06:05:13','1993-04-01 03:11:28'),
('17','17','unfriended','1975-11-07 07:54:19','2006-12-11 00:08:27'),
('18','18','unfriended','1983-05-02 15:25:32','1983-03-03 05:38:20'),
('19','19','unfriended','2013-10-22 12:54:29','1983-10-30 14:01:42'),
('20','20','unfriended','2016-07-05 00:13:12','1972-09-01 19:59:15'),
('21','21','unfriended','2002-04-09 12:57:42','1999-03-12 18:34:13'),
('22','22','requested','1984-01-28 11:01:29','2018-02-05 13:27:09'),
('23','23','declined','1981-01-19 01:31:45','1970-12-22 09:53:14'),
('24','24','unfriended','1972-07-06 07:12:54','1976-01-02 08:45:42'),
('25','25','declined','2011-12-02 03:14:14','2017-01-31 16:25:34'),
('26','26','unfriended','1979-12-01 10:13:47','1975-09-22 16:13:28'),
('27','27','declined','1985-03-23 17:01:45','1979-01-28 00:37:08'),
('28','28','requested','1989-05-22 11:34:29','1990-12-28 13:41:31'),
('29','29','declined','2005-07-09 01:52:10','1983-05-14 07:34:09'),
('30','30','unfriended','1994-07-23 15:03:11','2010-01-31 05:48:10'),
('31','31','unfriended','1979-01-13 13:23:18','1990-09-09 21:48:56'),
('32','32','unfriended','1987-10-01 00:04:47','1997-08-24 23:17:24'),
('33','33','declined','1981-09-12 22:37:52','1986-03-18 21:35:49'),
('34','34','unfriended','1979-04-14 19:30:15','2017-01-03 20:22:30'),
('35','35','unfriended','1995-04-22 08:07:24','1973-08-20 05:56:33'),
('36','36','approved','1997-04-18 22:41:00','2018-10-02 06:36:16'),
('37','37','requested','1977-08-02 17:56:55','1973-02-14 07:36:01'),
('38','38','declined','1975-04-26 18:55:37','1974-11-04 15:56:27'),
('39','39','declined','2008-05-10 20:25:36','2001-03-28 14:12:45'),
('40','40','approved','2018-04-21 21:29:53','2020-02-24 17:30:42'),
('41','41','approved','2019-05-15 17:58:30','1981-08-13 06:10:17'),
('42','42','approved','1990-04-22 16:28:39','2012-07-19 13:26:51'),
('43','43','requested','2017-11-07 00:13:02','2010-01-15 06:45:13'),
('44','44','approved','1999-12-02 17:05:54','1974-03-07 03:42:34'),
('45','45','requested','1977-01-29 06:25:07','1980-11-08 20:28:22'),
('46','46','declined','1992-11-09 19:56:06','1981-08-23 17:18:07'),
('47','47','declined','2010-04-15 12:40:06','2002-09-04 03:21:30'),
('48','48','requested','1971-04-30 17:28:14','2012-03-22 19:46:08'),
('49','49','declined','1976-11-13 06:13:35','2002-01-17 08:23:54'),
('50','50','approved','1975-07-22 00:24:05','1975-11-10 22:52:42'),
('51','51','approved','1992-05-16 16:20:47','2014-05-22 23:00:52'),
('52','52','approved','2015-08-25 12:43:06','1974-04-07 16:21:03'),
('53','53','requested','1973-10-28 18:18:55','2012-08-30 17:20:58'),
('54','54','requested','2001-08-30 00:00:26','2006-03-09 19:13:47'),
('55','55','declined','1973-05-07 21:21:25','1974-05-24 17:14:57'),
('56','56','requested','1987-06-14 22:15:52','1993-01-07 05:26:06'),
('57','57','unfriended','2000-11-09 19:53:41','1991-07-17 19:06:48'),
('58','58','approved','1998-05-24 03:36:47','1996-02-19 05:26:53'),
('59','59','requested','1979-12-06 12:56:02','1984-11-29 15:36:29'),
('60','60','unfriended','1989-10-13 17:59:04','1974-01-13 05:43:12'),
('61','61','approved','2010-06-19 16:55:55','1994-08-25 19:27:20'),
('62','62','requested','1993-02-24 10:44:04','1983-12-23 11:22:51'),
('63','63','requested','2008-10-09 07:21:18','2018-05-30 19:30:04'),
('64','64','approved','1993-11-24 07:10:15','1977-03-22 01:11:31'),
('65','65','approved','2007-01-26 12:59:14','2014-12-28 16:23:51'),
('66','66','unfriended','2007-03-20 03:22:09','1981-07-21 19:59:13'),
('67','67','approved','2008-04-19 02:33:39','1973-05-31 12:38:43'),
('68','68','approved','1997-12-31 19:08:01','1976-12-30 09:24:37'),
('69','69','approved','2009-12-27 21:13:20','1970-01-14 00:08:31'),
('70','70','unfriended','2005-05-07 21:35:17','1972-02-08 21:11:26'),
('71','71','approved','1995-10-22 00:50:00','1999-04-28 14:25:07'),
('72','72','declined','2008-05-31 16:51:10','1993-10-06 23:18:09'),
('73','73','approved','1985-04-16 19:18:41','2013-02-06 03:20:51'),
('74','74','requested','2000-05-31 13:02:45','2011-09-28 10:10:21'),
('75','75','approved','1988-08-05 11:16:51','2013-04-05 04:33:37'),
('76','76','requested','2001-05-15 09:47:21','2001-10-06 16:52:49'),
('77','77','declined','2002-09-08 23:25:31','1973-12-03 13:07:17'),
('78','78','approved','2019-12-27 20:45:19','1986-06-03 18:57:21'),
('79','79','unfriended','2016-03-29 17:50:40','2006-05-27 10:28:43'),
('80','80','requested','2004-11-05 06:51:37','1979-06-15 00:43:22'),
('81','81','requested','2018-02-27 16:47:16','1976-12-06 16:57:11'),
('82','82','approved','1973-04-24 22:16:10','1999-09-19 04:04:59'),
('83','83','unfriended','2009-04-11 00:06:05','1978-08-13 07:20:11'),
('84','84','unfriended','1985-01-26 03:20:50','1990-12-10 19:51:35'),
('85','85','requested','1986-03-17 08:35:39','2019-05-12 07:43:51'),
('86','86','declined','2015-03-08 00:12:49','1975-05-19 12:15:33'),
('87','87','approved','1982-10-01 15:37:31','1983-10-13 16:42:17'),
('88','88','requested','2010-07-18 20:48:35','2006-02-17 17:55:30'),
('89','89','approved','1987-03-19 04:08:10','2011-03-19 18:50:04'),
('90','90','unfriended','1983-07-26 01:31:19','1988-06-20 20:33:15'),
('91','91','requested','2019-04-11 21:14:00','1982-12-21 18:52:01'),
('92','92','declined','1999-12-19 05:40:51','1978-06-27 03:23:34'),
('93','93','declined','1982-09-04 19:52:46','1972-05-03 15:29:37'),
('94','94','approved','1988-08-29 07:55:38','1973-04-17 09:19:23'),
('95','95','approved','1980-09-24 07:00:20','1979-01-04 16:10:40'),
('96','96','approved','1977-10-22 06:43:44','2009-05-12 11:27:52'),
('97','97','approved','1984-11-17 06:03:07','1978-10-10 14:54:25'),
('98','98','approved','2002-12-15 01:04:12','1971-06-13 09:25:46'),
('99','99','approved','1998-09-15 02:44:02','2001-04-06 21:00:59'),
('100','100','unfriended','1983-04-08 07:34:14','1985-06-20 07:20:58'); 


DROP TABLE IF EXISTS `likes`;
CREATE TABLE `likes` (
  `id` bigint(20) unsigned NOT NULL AUTO_INCREMENT,
  `user_id` bigint(20) unsigned NOT NULL,
  `media_id` bigint(20) unsigned NOT NULL,
  `created_at` datetime DEFAULT current_timestamp(),
  PRIMARY KEY (`id`)
) ENGINE=InnoDB AUTO_INCREMENT=101 DEFAULT CHARSET=utf8 COLLATE=utf8_unicode_ci;

INSERT INTO `likes` VALUES ('1','1','1','2002-06-17 12:42:42'),
('2','2','2','2000-01-04 06:21:23'),
('3','3','3','2018-07-26 13:50:57'),
('4','4','4','2000-01-02 08:40:11'),
('5','5','5','2010-06-02 19:49:07'),
('6','6','6','2006-12-21 21:24:53'),
('7','7','7','2008-02-03 11:45:28'),
('8','8','8','1978-06-01 08:47:57'),
('9','9','9','1971-11-07 21:34:23'),
('10','10','10','1994-03-22 10:14:42'),
('11','11','11','2007-05-07 22:24:04'),
('12','12','12','1989-04-24 12:37:02'),
('13','13','13','2011-12-04 18:39:10'),
('14','14','14','1991-04-22 04:36:10'),
('15','15','15','1990-05-15 12:31:40'),
('16','16','16','1975-06-20 09:09:07'),
('17','17','17','1977-05-22 03:08:14'),
('18','18','18','1981-06-11 03:10:25'),
('19','19','19','2003-02-11 09:23:25'),
('20','20','20','1970-04-26 05:56:50'),
('21','21','21','2020-08-08 23:14:38'),
('22','22','22','1973-11-10 18:24:35'),
('23','23','23','2010-05-07 21:16:56'),
('24','24','24','2015-01-06 20:27:41'),
('25','25','25','2015-01-29 02:34:29'),
('26','26','26','1994-06-19 05:08:41'),
('27','27','27','1977-03-03 20:37:42'),
('28','28','28','2011-10-10 10:33:46'),
('29','29','29','2013-03-29 05:49:13'),
('30','30','30','1978-02-03 04:59:41'),
('31','31','31','2007-04-29 16:33:03'),
('32','32','32','2010-09-12 10:39:48'),
('33','33','33','2014-06-21 20:55:18'),
('34','34','34','2004-06-21 20:50:14'),
('35','35','35','1975-11-18 11:09:55'),
('36','36','36','2004-03-29 18:09:43'),
('37','37','37','2014-03-19 16:13:18'),
('38','38','38','1981-04-29 04:46:18'),
('39','39','39','1982-07-01 11:50:48'),
('40','40','40','1988-02-14 18:47:06'),
('41','41','41','2020-01-20 18:48:21'),
('42','42','42','2015-07-11 15:26:29'),
('43','43','43','1995-03-29 02:04:45'),
('44','44','44','2008-07-14 22:05:34'),
('45','45','45','1991-11-03 11:56:31'),
('46','46','46','1993-11-16 16:53:38'),
('47','47','47','1998-01-11 03:35:50'),
('48','48','48','2018-09-30 21:03:13'),
('49','49','49','2000-04-15 19:34:29'),
('50','50','50','2007-12-24 02:49:35'),
('51','51','51','1995-03-24 13:49:08'),
('52','52','52','2011-08-02 08:18:31'),
('53','53','53','2016-08-24 13:01:54'),
('54','54','54','1997-01-25 04:13:23'),
('55','55','55','1993-01-03 23:02:29'),
('56','56','56','2016-01-27 23:31:56'),
('57','57','57','1995-02-28 12:36:02'),
('58','58','58','1972-11-04 17:26:35'),
('59','59','59','1999-08-24 21:08:17'),
('60','60','60','1992-05-27 23:11:15'),
('61','61','61','1994-11-30 02:04:30'),
('62','62','62','1975-09-11 20:15:52'),
('63','63','63','2008-06-26 02:51:05'),
('64','64','64','1993-05-03 18:58:28'),
('65','65','65','1992-04-20 16:07:40'),
('66','66','66','2015-11-01 19:38:55'),
('67','67','67','1983-08-09 23:37:19'),
('68','68','68','2019-09-14 02:09:15'),
('69','69','69','1986-05-17 20:55:32'),
('70','70','70','2003-06-02 10:05:23'),
('71','71','71','2012-08-07 02:02:19'),
('72','72','72','2010-07-15 09:00:05'),
('73','73','73','2009-06-14 13:51:35'),
('74','74','74','1986-06-02 20:18:15'),
('75','75','75','2011-08-27 03:38:49'),
('76','76','76','1981-03-23 04:44:30'),
('77','77','77','1972-09-06 20:37:34'),
('78','78','78','2007-10-16 02:02:13'),
('79','79','79','2015-04-12 11:01:14'),
('80','80','80','1971-06-12 01:03:53'),
('81','81','81','1986-10-06 04:07:53'),
('82','82','82','1987-01-15 19:35:17'),
('83','83','83','2004-12-03 14:58:15'),
('84','84','84','1977-07-28 09:46:45'),
('85','85','85','1981-03-29 17:43:24'),
('86','86','86','2016-11-07 16:17:08'),
('87','87','87','2017-08-30 04:00:01'),
('88','88','88','2000-06-28 21:12:15'),
('89','89','89','1987-01-25 19:05:25'),
('90','90','90','2019-07-03 18:57:38'),
('91','91','91','2011-08-09 04:24:16'),
('92','92','92','2006-10-17 01:23:27'),
('93','93','93','1982-06-29 09:16:09'),
('94','94','94','2006-04-02 04:20:05'),
('95','95','95','1987-04-05 10:27:58'),
('96','96','96','1995-10-14 12:38:06'),
('97','97','97','2003-10-01 11:45:33'),
('98','98','98','2003-02-05 07:46:07'),
('99','99','99','1992-01-26 14:33:36'),
('100','100','100','1993-07-23 04:37:39'); 


DROP TABLE IF EXISTS `media`;
CREATE TABLE `media` (
  `id` bigint(20) unsigned NOT NULL AUTO_INCREMENT,
  `media_type_id` bigint(20) unsigned NOT NULL,
  `user_id` bigint(20) unsigned NOT NULL,
  `body` text COLLATE utf8_unicode_ci DEFAULT NULL,
  `filename` varchar(255) COLLATE utf8_unicode_ci DEFAULT NULL,
  `size` int(11) DEFAULT NULL,
  `metadata` longtext CHARACTER SET utf8mb4 COLLATE utf8mb4_bin DEFAULT NULL CHECK (json_valid(`metadata`)),
  `created_at` datetime DEFAULT current_timestamp(),
  `updated_at` datetime DEFAULT current_timestamp() ON UPDATE current_timestamp(),
  PRIMARY KEY (`id`),
  KEY `user_id` (`user_id`),
  KEY `media_type_id` (`media_type_id`),
  CONSTRAINT `media_ibfk_1` FOREIGN KEY (`user_id`) REFERENCES `users` (`id`),
  CONSTRAINT `media_ibfk_2` FOREIGN KEY (`media_type_id`) REFERENCES `media_types` (`id`)
) ENGINE=InnoDB AUTO_INCREMENT=101 DEFAULT CHARSET=utf8 COLLATE=utf8_unicode_ci;

INSERT INTO `media` VALUES ('1','1','1','','rem','167119',NULL,'1999-06-25 03:57:11','1983-01-08 02:34:49'),
('2','2','2','','doloribus','9075',NULL,'1977-05-20 21:10:26','2016-12-04 06:22:17'),
('3','3','3','','cum','19209819',NULL,'1986-03-14 01:44:01','2007-01-29 20:24:48'),
('4','4','4','','dolores','0',NULL,'2001-11-15 12:31:40','1985-04-04 13:20:28'),
('5','5','5','','beatae','13',NULL,'1975-12-28 14:24:25','1978-07-20 08:48:12'),
('6','6','6','','exercitationem','336',NULL,'2007-09-29 10:38:21','2019-05-10 04:01:57'),
('7','7','7','','suscipit','62285',NULL,'2018-07-19 21:36:44','1984-03-02 22:37:36'),
('8','8','8','','eos','213525',NULL,'1994-05-25 03:31:51','2005-07-14 01:18:10'),
('9','9','9','','est','905691',NULL,'1993-04-19 13:04:05','2000-05-13 11:47:44'),
('10','10','10','','sed','6942',NULL,'1984-12-28 04:38:56','1978-08-29 04:38:12'),
('11','11','11','','est','77266',NULL,'2013-11-04 10:43:45','1971-07-04 09:05:18'),
('12','12','12','','tempora','79786109',NULL,'2017-10-04 01:44:03','2005-11-16 07:22:26'),
('13','13','13','','omnis','97',NULL,'1971-05-12 00:03:20','2013-09-30 00:25:32'),
('14','14','14','','cupiditate','624',NULL,'2012-02-03 02:27:45','1992-11-22 01:51:36'),
('15','15','15','','fugit','82',NULL,'1972-12-11 06:11:19','1983-11-17 07:29:19'),
('16','16','16','','et','53',NULL,'2001-01-01 05:53:05','1979-01-11 15:24:25'),
('17','17','17','','veritatis','922301',NULL,'1998-04-13 03:52:04','1986-10-25 10:05:25'),
('18','18','18','','excepturi','2166983',NULL,'1977-04-30 08:34:43','1995-03-01 18:19:34'),
('19','19','19','','id','282',NULL,'2019-02-25 04:44:57','1998-06-17 09:46:55'),
('20','20','20','','excepturi','0',NULL,'2019-11-30 20:27:36','1976-03-05 04:23:32'),
('21','21','21','','et','4203195',NULL,'2005-08-15 07:51:14','1981-02-19 16:06:48'),
('22','22','22','','sit','784273615',NULL,'2013-11-22 15:11:37','2011-01-03 03:27:54'),
('23','23','23','','quibusdam','75564871',NULL,'1980-05-13 03:32:26','2016-11-03 11:07:32'),
('24','24','24','','rem','97652821',NULL,'2019-07-25 19:42:42','1970-10-12 22:43:01'),
('25','25','25','','repellat','203729',NULL,'2018-10-05 04:28:57','1988-06-05 23:59:21'),
('26','26','26','','sit','3035',NULL,'1991-01-17 13:46:17','1992-11-24 06:54:23'),
('27','27','27','','possimus','9580',NULL,'2012-11-07 13:25:50','2019-09-17 13:59:04'),
('28','28','28','','repellendus','8564779',NULL,'2019-01-10 22:51:39','1984-09-02 14:43:07'),
('29','29','29','','esse','237381',NULL,'1990-05-19 22:36:55','2002-08-14 06:58:12'),
('30','30','30','','ipsum','68',NULL,'1997-07-14 00:46:37','2010-01-05 10:45:45'),
('31','31','31','','id','39',NULL,'2008-08-16 09:03:19','1987-06-03 16:26:32'),
('32','32','32','','eius','4',NULL,'1975-08-21 01:09:01','1974-05-27 06:42:40'),
('33','33','33','','libero','484413',NULL,'1973-03-20 15:09:28','1993-05-07 20:59:28'),
('34','34','34','','mollitia','43',NULL,'1979-08-16 05:39:56','1985-09-09 13:32:44'),
('35','35','35','','et','72600344',NULL,'1995-12-13 13:19:35','1995-02-10 05:22:59'),
('36','36','36','','et','3',NULL,'2020-04-11 07:56:58','1988-09-08 06:15:49'),
('37','37','37','','et','297709464',NULL,'1972-08-08 15:18:17','1976-06-06 06:24:27'),
('38','38','38','','quam','98384',NULL,'1976-10-13 16:54:52','1978-03-02 10:52:15'),
('39','39','39','','et','0',NULL,'2012-01-14 01:08:45','2000-10-19 09:58:15'),
('40','40','40','','dicta','0',NULL,'2000-06-18 22:38:49','2014-08-06 20:02:41'),
('41','41','41','','enim','403530',NULL,'2003-12-15 21:15:20','1973-11-04 02:44:08'),
('42','42','42','','minus','73',NULL,'2010-09-13 10:16:55','2002-06-27 01:26:15'),
('43','43','43','','officiis','501',NULL,'1986-06-29 14:28:59','1979-03-08 10:14:33'),
('44','44','44','','voluptatem','5',NULL,'1982-10-20 03:22:39','1995-07-19 12:48:20'),
('45','45','45','','molestiae','170297',NULL,'1971-05-14 11:49:27','1980-11-29 16:30:42'),
('46','46','46','','libero','379991766',NULL,'1998-06-30 04:14:58','2019-12-12 18:21:09'),
('47','47','47','','ad','1177',NULL,'1995-02-16 21:46:16','1998-11-16 07:06:38'),
('48','48','48','','dolorem','52',NULL,'2019-04-20 21:32:31','2005-05-20 13:55:58'),
('49','49','49','','sed','6',NULL,'2019-10-03 16:53:35','2014-05-17 04:49:43'),
('50','50','50','','consequatur','387',NULL,'1975-11-07 03:02:42','2009-11-29 01:42:29'),
('51','51','51','','maxime','161158214',NULL,'1982-12-20 19:07:35','2006-04-10 13:36:48'),
('52','52','52','','cupiditate','4448',NULL,'2000-11-08 15:13:25','2009-12-23 10:50:09'),
('53','53','53','','sunt','676317',NULL,'2005-11-30 18:04:32','1984-04-21 13:27:39'),
('54','54','54','','nulla','893052515',NULL,'1979-07-14 05:51:37','2014-08-07 03:54:35'),
('55','55','55','','odit','881',NULL,'2001-02-02 01:11:28','1981-12-01 16:01:57'),
('56','56','56','','repellat','9104216',NULL,'1984-07-01 19:51:18','1988-12-04 20:30:21'),
('57','57','57','','provident','593548895',NULL,'1985-11-30 01:44:43','1991-01-27 20:33:29'),
('58','58','58','','asperiores','62',NULL,'1984-02-24 00:46:38','1990-08-09 09:20:11'),
('59','59','59','','assumenda','605',NULL,'1976-05-20 12:15:11','1978-02-15 22:59:31'),
('60','60','60','','pariatur','66',NULL,'1970-01-10 00:14:02','1979-01-06 06:09:41'),
('61','61','61','','quas','8117',NULL,'1983-10-16 23:03:46','1986-11-22 06:23:03'),
('62','62','62','','quis','67204230',NULL,'2019-07-04 16:31:15','1986-02-28 09:34:22'),
('63','63','63','','et','26',NULL,'1978-08-03 06:40:29','1990-11-24 00:25:59'),
('64','64','64','','voluptas','1032471',NULL,'1989-04-21 09:31:57','1975-02-12 19:08:18'),
('65','65','65','','ut','85130610',NULL,'1978-02-19 02:15:45','1986-07-19 17:14:13'),
('66','66','66','','veniam','83692443',NULL,'2006-02-25 13:18:13','1992-06-22 11:44:46'),
('67','67','67','','sunt','366',NULL,'1974-02-28 20:11:07','1998-04-08 17:05:57'),
('68','68','68','','facere','0',NULL,'1980-11-29 19:28:14','1991-10-07 12:42:35'),
('69','69','69','','optio','181432847',NULL,'1971-05-11 00:18:52','2017-04-03 21:49:11'),
('70','70','70','','velit','1641',NULL,'1984-06-07 05:21:00','1999-11-30 05:03:29'),
('71','71','71','','commodi','65',NULL,'2002-10-02 01:25:31','2001-08-06 11:29:51'),
('72','72','72','','necessitatibus','629850',NULL,'2004-07-23 05:26:56','1978-05-02 15:53:08'),
('73','73','73','','similique','0',NULL,'1988-06-09 00:20:57','2007-05-28 09:31:52'),
('74','74','74','','illo','2884',NULL,'2008-07-31 21:56:44','2006-11-23 18:17:07'),
('75','75','75','','ipsam','0',NULL,'1994-08-07 11:17:31','1989-08-22 21:43:51'),
('76','76','76','','necessitatibus','2093445',NULL,'1989-07-22 21:46:41','2011-07-31 04:49:53'),
('77','77','77','','odit','654166935',NULL,'1973-03-09 07:02:16','1984-02-23 02:09:02'),
('78','78','78','','iste','84025',NULL,'2014-01-03 08:55:26','1970-12-18 15:14:39'),
('79','79','79','','quam','670',NULL,'2008-12-18 01:37:47','1984-10-15 12:11:02'),
('80','80','80','','sit','51816',NULL,'2019-08-17 11:30:15','1971-12-27 10:27:58'),
('81','81','81','','eveniet','76',NULL,'1996-10-25 06:09:13','2004-04-01 11:23:50'),
('82','82','82','','libero','29',NULL,'2000-11-15 07:00:56','1980-06-06 22:41:47'),
('83','83','83','','impedit','401476',NULL,'1987-06-16 07:42:02','1986-01-16 22:15:24'),
('84','84','84','','voluptatem','718004977',NULL,'2007-01-14 13:04:30','1997-09-16 03:20:36'),
('85','85','85','','provident','371',NULL,'2000-09-13 18:30:39','1974-06-18 00:28:49'),
('86','86','86','','qui','4187',NULL,'2009-03-10 20:24:43','1976-10-30 16:55:29'),
('87','87','87','','eveniet','53686',NULL,'2013-09-22 05:57:31','1997-02-15 19:14:44'),
('88','88','88','','nemo','8316',NULL,'1989-12-27 02:11:30','1980-08-06 10:23:20'),
('89','89','89','','est','545898',NULL,'1999-07-13 09:43:35','1993-03-23 20:29:10'),
('90','90','90','','libero','855631',NULL,'2010-09-29 15:28:56','1970-09-24 07:38:25'),
('91','91','91','','qui','63466',NULL,'2001-07-12 17:40:28','1971-10-21 14:31:30'),
('92','92','92','','officiis','78430590',NULL,'1986-11-22 06:33:54','2019-12-14 12:30:50'),
('93','93','93','','maiores','96',NULL,'2006-11-22 00:37:09','1989-09-03 05:41:20'),
('94','94','94','','atque','6652749',NULL,'1992-05-06 19:04:54','2003-05-06 08:12:15'),
('95','95','95','','labore','683',NULL,'2015-01-04 04:43:34','1972-12-13 06:31:14'),
('96','96','96','','sed','25607',NULL,'1985-11-18 11:48:26','1985-06-20 11:30:09'),
('97','97','97','','minus','756',NULL,'2007-11-12 19:04:59','2018-10-18 15:11:41'),
('98','98','98','','minus','7965425',NULL,'2015-03-14 23:16:53','1990-03-15 12:40:34'),
('99','99','99','','modi','8426896',NULL,'1989-08-30 07:15:49','2005-03-22 10:16:53'),
('100','100','100','','quo','74',NULL,'1998-10-09 00:26:05','2009-09-11 22:48:26'); 


DROP TABLE IF EXISTS `media_types`;
CREATE TABLE `media_types` (
  `id` bigint(20) unsigned NOT NULL AUTO_INCREMENT,
  `name` varchar(255) COLLATE utf8_unicode_ci DEFAULT NULL,
  `created_at` datetime DEFAULT current_timestamp(),
  `updated_at` datetime DEFAULT current_timestamp() ON UPDATE current_timestamp(),
  PRIMARY KEY (`id`)
) ENGINE=InnoDB AUTO_INCREMENT=101 DEFAULT CHARSET=utf8 COLLATE=utf8_unicode_ci;

INSERT INTO `media_types` VALUES ('1','nostrum','2016-10-08 00:41:45','2017-08-04 01:52:37'),
('2','minima','2006-07-15 13:23:57','2010-11-01 15:37:43'),
('3','ut','2018-04-30 14:01:00','1984-10-29 04:21:18'),
('4','quas','2003-05-18 03:48:26','1976-10-31 18:12:15'),
('5','dolorem','1983-01-06 13:56:22','2001-08-21 10:47:55'),
('6','doloremque','2000-05-08 20:39:21','2003-10-12 00:42:13'),
('7','quam','1979-04-19 18:37:01','1987-05-25 21:20:55'),
('8','vero','2008-08-15 07:32:27','1993-02-26 14:08:22'),
('9','ullam','2005-05-28 01:12:37','1994-03-11 08:57:30'),
('10','corrupti','1983-12-22 06:29:01','1979-09-09 11:49:48'),
('11','et','1978-01-03 21:15:12','2014-08-26 15:49:41'),
('12','quae','2016-02-06 19:10:01','1989-03-08 12:51:35'),
('13','labore','1972-01-06 01:28:13','1994-05-12 13:51:14'),
('14','eum','1980-12-18 05:37:02','2004-03-03 09:54:01'),
('15','ipsam','2004-03-26 05:51:30','1984-01-09 09:34:05'),
('16','hic','2016-05-08 06:18:01','1972-02-02 11:34:16'),
('17','commodi','2019-01-07 12:24:08','1977-09-28 04:35:26'),
('18','optio','2004-04-21 23:00:03','1971-12-07 07:42:38'),
('19','explicabo','1987-12-25 03:01:30','2015-12-30 02:22:39'),
('20','occaecati','1992-11-11 23:14:34','1979-02-19 09:52:32'),
('21','qui','1982-09-15 13:17:21','1998-12-18 20:18:47'),
('22','odit','1972-12-27 14:48:01','1993-03-03 04:10:41'),
('23','blanditiis','1985-01-07 13:33:51','1992-03-10 21:47:55'),
('24','excepturi','1976-09-14 07:36:57','1992-08-03 04:12:32'),
('25','dolor','1990-07-20 10:49:35','1972-11-30 13:43:50'),
('26','debitis','2013-02-17 06:50:19','2004-07-30 06:21:37'),
('27','repudiandae','1979-12-08 20:11:45','1979-11-08 16:30:02'),
('28','est','1984-07-29 04:55:57','1982-05-11 08:33:59'),
('29','unde','1981-01-20 00:14:23','2000-06-05 13:40:19'),
('30','vitae','2004-08-20 08:55:27','1994-12-13 19:39:43'),
('31','sunt','1995-11-21 08:54:46','2004-01-01 05:07:35'),
('32','rem','1987-09-15 22:44:36','2001-03-27 22:45:07'),
('33','qui','2000-05-29 22:06:21','1972-08-12 19:05:48'),
('34','nihil','2006-10-15 00:18:40','1981-04-03 04:42:12'),
('35','autem','2010-06-28 22:36:39','1989-10-13 16:07:07'),
('36','omnis','1991-10-02 07:24:04','1993-03-02 15:08:22'),
('37','modi','2009-08-23 11:57:15','1973-08-20 23:04:04'),
('38','id','2001-02-07 14:48:13','1972-05-10 23:06:51'),
('39','aliquid','1974-08-19 18:45:12','2004-11-16 05:35:47'),
('40','fuga','2015-10-17 05:25:33','1989-06-02 20:31:55'),
('41','rerum','2008-07-22 09:02:20','1994-04-24 05:32:08'),
('42','officia','2018-10-17 12:58:34','1985-11-28 14:38:01'),
('43','laborum','1977-03-12 19:41:25','1982-09-22 14:09:15'),
('44','fugiat','2008-05-13 11:48:22','1971-07-02 22:35:58'),
('45','amet','2002-07-26 19:01:39','1979-12-25 05:57:06'),
('46','dolore','2007-06-13 18:47:08','2016-05-05 01:49:26'),
('47','laboriosam','2008-10-04 15:38:54','1983-03-04 21:33:37'),
('48','pariatur','2019-10-03 00:15:15','2010-09-19 19:35:43'),
('49','temporibus','2011-07-28 06:14:50','1980-11-15 16:15:04'),
('50','voluptatibus','2015-01-22 06:50:34','1999-10-27 01:46:48'),
('51','id','2019-12-24 13:08:51','2002-02-28 07:55:30'),
('52','dicta','1982-10-29 07:50:20','1980-04-05 00:53:31'),
('53','expedita','1971-02-05 22:27:20','2003-05-03 00:38:43'),
('54','minima','1970-07-21 07:33:56','1985-04-29 16:41:43'),
('55','nihil','1987-11-21 09:15:16','1979-09-26 21:21:46'),
('56','hic','1977-03-01 02:25:30','2005-04-27 21:47:35'),
('57','provident','2012-03-29 06:23:24','1980-09-14 17:51:28'),
('58','minima','1980-06-14 16:35:39','2017-10-18 11:16:16'),
('59','et','1993-12-11 01:26:25','1977-06-30 22:36:10'),
('60','voluptatum','2011-01-01 10:51:02','1991-03-19 21:21:04'),
('61','saepe','1987-02-17 12:10:10','1979-09-23 13:49:54'),
('62','soluta','2004-03-23 22:39:00','1984-05-19 20:56:53'),
('63','non','1994-05-07 13:53:06','2010-07-03 00:48:59'),
('64','saepe','1972-06-24 23:58:23','2002-12-20 03:34:56'),
('65','dicta','1993-08-21 08:02:52','2019-10-15 07:55:29'),
('66','sunt','1979-06-20 03:41:44','1977-06-07 14:50:30'),
('67','qui','1971-11-19 01:46:46','1999-04-21 04:13:05'),
('68','culpa','1996-10-20 10:57:57','2017-10-15 15:23:27'),
('69','impedit','2013-01-23 13:07:46','1995-02-17 13:15:26'),
('70','quae','1978-10-02 21:16:43','1995-02-11 12:52:57'),
('71','saepe','2015-05-13 01:45:44','1977-05-26 23:47:13'),
('72','in','2019-05-22 14:27:04','2011-08-08 14:43:19'),
('73','magnam','2003-02-13 22:51:29','1972-02-06 18:32:33'),
('74','maiores','2017-09-20 10:06:13','2013-12-03 18:06:03'),
('75','error','2012-12-31 08:21:29','1991-06-22 14:03:26'),
('76','qui','1976-02-10 20:54:47','1978-10-15 22:46:51'),
('77','voluptas','1973-08-26 14:17:05','2009-05-14 02:17:33'),
('78','blanditiis','2002-10-07 08:48:53','2000-03-10 08:07:39'),
('79','facere','1977-06-11 16:57:37','1980-05-15 05:57:00'),
('80','in','2010-06-04 21:59:17','2013-12-22 10:46:55'),
('81','debitis','2017-08-14 06:42:54','1996-11-06 20:58:23'),
('82','voluptas','2016-10-23 06:39:55','2010-09-29 18:31:06'),
('83','officiis','2012-07-21 17:45:36','2004-08-31 08:15:28'),
('84','voluptatum','2008-03-26 08:52:49','1983-08-15 11:51:40'),
('85','unde','2005-06-15 08:55:25','1984-09-04 14:59:05'),
('86','voluptatum','1988-10-10 09:43:08','2014-12-17 14:58:38'),
('87','expedita','1988-11-06 06:19:42','1981-09-09 19:32:28'),
('88','quia','1978-12-26 17:59:07','2008-07-15 17:14:53'),
('89','quia','1998-02-25 16:16:03','1984-11-20 19:43:00'),
('90','tempora','1983-10-20 04:05:58','1997-06-13 14:44:08'),
('91','ipsa','1977-09-14 17:08:26','1986-12-29 07:02:06'),
('92','quidem','1999-01-16 15:09:16','1982-05-27 07:04:27'),
('93','fuga','2005-08-24 00:09:35','2010-11-12 05:10:37'),
('94','quam','1975-07-16 07:12:02','1986-05-09 11:37:13'),
('95','totam','1973-02-04 01:45:56','1974-10-27 13:18:22'),
('96','sed','1977-02-21 05:42:28','1976-03-14 18:05:57'),
('97','itaque','2017-09-25 02:06:38','2008-09-01 08:01:29'),
('98','corporis','2002-09-15 05:29:46','1998-03-30 23:27:21'),
('99','similique','1997-02-10 13:48:26','1974-06-20 23:43:23'),
('100','atque','1973-05-13 13:21:53','2011-01-18 22:25:11'); 


DROP TABLE IF EXISTS `messages`;
CREATE TABLE `messages` (
  `id` bigint(20) unsigned NOT NULL AUTO_INCREMENT,
  `from_user_id` bigint(20) unsigned NOT NULL,
  `to_user_id` bigint(20) unsigned NOT NULL,
  `body` text COLLATE utf8_unicode_ci DEFAULT NULL,
  `created_at` datetime DEFAULT current_timestamp(),
  PRIMARY KEY (`id`),
  KEY `messages_from_user_id` (`from_user_id`),
  KEY `messages_to_user_id` (`to_user_id`),
  CONSTRAINT `messages_ibfk_1` FOREIGN KEY (`from_user_id`) REFERENCES `users` (`id`),
  CONSTRAINT `messages_ibfk_2` FOREIGN KEY (`to_user_id`) REFERENCES `users` (`id`)
) ENGINE=InnoDB AUTO_INCREMENT=101 DEFAULT CHARSET=utf8 COLLATE=utf8_unicode_ci;

INSERT INTO `messages` VALUES ('1','1','1','','2001-08-04 07:21:53'),
('2','2','2','','1992-05-25 06:55:32'),
('3','3','3','','2002-03-24 16:31:00'),
('4','4','4','','1978-09-20 13:38:22'),
('5','5','5','','2016-04-16 12:32:08'),
('6','6','6','','2014-08-10 03:38:07'),
('7','7','7','','2017-12-09 23:23:47'),
('8','8','8','','1975-04-21 01:38:25'),
('9','9','9','','1992-08-27 09:24:25'),
('10','10','10','','1973-06-09 21:25:52'),
('11','11','11','','1970-01-08 18:29:27'),
('12','12','12','','1979-05-14 19:11:52'),
('13','13','13','','1996-08-22 20:39:15'),
('14','14','14','','1975-02-20 21:51:53'),
('15','15','15','','2014-11-26 03:19:06'),
('16','16','16','','2019-11-26 12:07:50'),
('17','17','17','','1989-12-04 15:15:58'),
('18','18','18','','2005-06-16 01:56:31'),
('19','19','19','','1985-03-27 19:17:19'),
('20','20','20','','2003-04-13 21:31:09'),
('21','21','21','','1984-11-03 13:22:51'),
('22','22','22','','1978-08-28 17:15:16'),
('23','23','23','','2016-12-14 06:14:37'),
('24','24','24','','1990-02-24 07:31:37'),
('25','25','25','','1985-06-30 15:16:07'),
('26','26','26','','1985-03-17 04:39:48'),
('27','27','27','','1970-04-01 10:52:49'),
('28','28','28','','1980-12-08 03:40:07'),
('29','29','29','','1984-10-26 04:56:18'),
('30','30','30','','1973-06-09 17:33:27'),
('31','31','31','','1979-11-24 19:15:32'),
('32','32','32','','2004-10-11 02:13:54'),
('33','33','33','','1972-11-09 16:05:45'),
('34','34','34','','1982-11-03 17:33:19'),
('35','35','35','','1995-08-06 02:34:54'),
('36','36','36','','2016-03-02 04:57:06'),
('37','37','37','','2011-12-24 14:44:36'),
('38','38','38','','2013-07-27 20:03:39'),
('39','39','39','','1974-04-07 04:06:52'),
('40','40','40','','1981-05-15 02:35:06'),
('41','41','41','','1982-10-15 13:13:15'),
('42','42','42','','2004-08-22 21:21:05'),
('43','43','43','','2001-04-13 05:57:29'),
('44','44','44','','1995-05-04 23:53:29'),
('45','45','45','','2003-09-24 08:31:45'),
('46','46','46','','2004-08-08 13:32:10'),
('47','47','47','','1995-10-23 05:39:54'),
('48','48','48','','1973-07-27 04:08:19'),
('49','49','49','','1971-01-21 19:28:35'),
('50','50','50','','2011-10-21 05:18:25'),
('51','51','51','','1985-07-09 03:32:25'),
('52','52','52','','2014-01-29 02:16:26'),
('53','53','53','','1985-07-30 21:10:49'),
('54','54','54','','2015-07-11 19:32:31'),
('55','55','55','','1989-04-19 20:53:58'),
('56','56','56','','1980-05-28 15:33:45'),
('57','57','57','','2012-06-14 23:06:27'),
('58','58','58','','1970-08-18 09:12:24'),
('59','59','59','','2008-02-03 14:20:06'),
('60','60','60','','2019-10-03 08:45:14'),
('61','61','61','','1983-09-26 12:03:40'),
('62','62','62','','1975-08-09 22:15:22'),
('63','63','63','','2016-09-04 20:11:34'),
('64','64','64','','1976-09-29 22:38:42'),
('65','65','65','','2007-03-13 00:52:37'),
('66','66','66','','1997-05-03 10:28:06'),
('67','67','67','','1992-07-09 05:37:12'),
('68','68','68','','1992-10-20 21:16:30'),
('69','69','69','','1972-05-27 03:13:14'),
('70','70','70','','2011-01-06 06:11:35'),
('71','71','71','','1981-12-24 03:32:47'),
('72','72','72','','2012-04-30 00:56:46'),
('73','73','73','','1992-11-09 23:33:29'),
('74','74','74','','1998-06-17 05:49:19'),
('75','75','75','','2003-11-30 02:29:48'),
('76','76','76','','2001-05-08 17:37:11'),
('77','77','77','','1999-09-29 07:00:46'),
('78','78','78','','2016-12-15 13:22:54'),
('79','79','79','','1987-07-31 15:32:20'),
('80','80','80','','1970-04-26 12:01:58'),
('81','81','81','','2001-04-09 03:50:16'),
('82','82','82','','1999-12-11 19:29:46'),
('83','83','83','','2017-07-13 09:35:12'),
('84','84','84','','2013-03-28 05:42:53'),
('85','85','85','','1993-08-25 15:43:16'),
('86','86','86','','1972-10-02 02:06:59'),
('87','87','87','','1985-04-13 22:59:31'),
('88','88','88','','2003-10-04 08:12:48'),
('89','89','89','','2013-02-24 18:54:08'),
('90','90','90','','2017-05-15 08:40:34'),
('91','91','91','','1988-07-24 10:32:24'),
('92','92','92','','2020-02-16 01:07:32'),
('93','93','93','','1998-02-05 05:00:49'),
('94','94','94','','1984-08-18 02:28:26'),
('95','95','95','','2014-11-11 03:59:28'),
('96','96','96','','1980-02-22 05:53:03'),
('97','97','97','','1988-11-01 18:57:25'),
('98','98','98','','2000-09-23 15:50:01'),
('99','99','99','','2004-12-27 00:18:03'),
('100','100','100','','1984-05-30 07:01:57'); 


DROP TABLE IF EXISTS `photo_albums`;
CREATE TABLE `photo_albums` (
  `id` bigint(20) unsigned NOT NULL AUTO_INCREMENT,
  `name` varchar(255) COLLATE utf8_unicode_ci DEFAULT NULL,
  `user_id` bigint(20) unsigned DEFAULT NULL,
  PRIMARY KEY (`id`),
  UNIQUE KEY `id` (`id`),
  KEY `user_id` (`user_id`),
  CONSTRAINT `photo_albums_ibfk_1` FOREIGN KEY (`user_id`) REFERENCES `users` (`id`)
) ENGINE=InnoDB AUTO_INCREMENT=101 DEFAULT CHARSET=utf8 COLLATE=utf8_unicode_ci;

INSERT INTO `photo_albums` VALUES ('1','quasi','1'),
('2','deserunt','2'),
('3','qui','3'),
('4','ut','4'),
('5','ut','5'),
('6','aliquam','6'),
('7','et','7'),
('8','sit','8'),
('9','rerum','9'),
('10','ut','10'),
('11','in','11'),
('12','quod','12'),
('13','eveniet','13'),
('14','impedit','14'),
('15','nisi','15'),
('16','aperiam','16'),
('17','et','17'),
('18','quas','18'),
('19','cum','19'),
('20','sit','20'),
('21','ea','21'),
('22','ut','22'),
('23','soluta','23'),
('24','dolor','24'),
('25','aspernatur','25'),
('26','sapiente','26'),
('27','aut','27'),
('28','maiores','28'),
('29','voluptas','29'),
('30','ut','30'),
('31','vel','31'),
('32','et','32'),
('33','ut','33'),
('34','culpa','34'),
('35','voluptatibus','35'),
('36','saepe','36'),
('37','est','37'),
('38','dicta','38'),
('39','ab','39'),
('40','temporibus','40'),
('41','nam','41'),
('42','ad','42'),
('43','hic','43'),
('44','dolores','44'),
('45','earum','45'),
('46','voluptate','46'),
('47','repellendus','47'),
('48','est','48'),
('49','occaecati','49'),
('50','et','50'),
('51','est','51'),
('52','delectus','52'),
('53','unde','53'),
('54','rerum','54'),
('55','et','55'),
('56','repellat','56'),
('57','dicta','57'),
('58','corrupti','58'),
('59','laboriosam','59'),
('60','accusantium','60'),
('61','quod','61'),
('62','impedit','62'),
('63','suscipit','63'),
('64','et','64'),
('65','voluptas','65'),
('66','a','66'),
('67','eaque','67'),
('68','labore','68'),
('69','rem','69'),
('70','tempora','70'),
('71','atque','71'),
('72','sint','72'),
('73','laudantium','73'),
('74','fuga','74'),
('75','fuga','75'),
('76','alias','76'),
('77','veritatis','77'),
('78','aut','78'),
('79','eos','79'),
('80','non','80'),
('81','consequatur','81'),
('82','qui','82'),
('83','deserunt','83'),
('84','aut','84'),
('85','ut','85'),
('86','eum','86'),
('87','hic','87'),
('88','voluptatum','88'),
('89','dignissimos','89'),
('90','veniam','90'),
('91','aut','91'),
('92','temporibus','92'),
('93','cumque','93'),
('94','reiciendis','94'),
('95','rem','95'),
('96','consequatur','96'),
('97','est','97'),
('98','blanditiis','98'),
('99','est','99'),
('100','sit','100'); 


DROP TABLE IF EXISTS `photos`;
CREATE TABLE `photos` (
  `id` bigint(20) unsigned NOT NULL AUTO_INCREMENT,
  `album_id` bigint(20) unsigned NOT NULL,
  `media_id` bigint(20) unsigned NOT NULL,
  PRIMARY KEY (`id`),
  KEY `album_id` (`album_id`),
  KEY `media_id` (`media_id`),
  CONSTRAINT `photos_ibfk_1` FOREIGN KEY (`album_id`) REFERENCES `photo_albums` (`id`),
  CONSTRAINT `photos_ibfk_2` FOREIGN KEY (`media_id`) REFERENCES `media` (`id`)
) ENGINE=InnoDB AUTO_INCREMENT=601 DEFAULT CHARSET=utf8 COLLATE=utf8_unicode_ci;

INSERT INTO `photos` VALUES ('501','5','5'),
('503','2','5'),
('504','1','3'),
('505','8','8'),
('506','1','6'),
('507','6','8'),
('508','3','1'),
('509','8','5'),
('511','4','4'),
('513','2','1'),
('514','5','4'),
('515','4','7'),
('516','6','1'),
('517','2','1'),
('518','6','9'),
('519','4','2'),
('520','4','2'),
('521','8','1'),
('522','4','7'),
('523','7','4'),
('524','9','9'),
('526','3','9'),
('527','7','9'),
('528','9','9'),
('529','4','1'),
('530','2','8'),
('531','2','8'),
('532','8','6'),
('533','2','3'),
('534','5','5'),
('535','6','9'),
('536','7','4'),
('537','4','4'),
('539','6','3'),
('540','5','2'),
('541','4','1'),
('542','6','5'),
('543','7','2'),
('544','2','8'),
('546','2','8'),
('547','6','4'),
('548','8','6'),
('549','4','8'),
('550','8','9'),
('551','6','7'),
('552','3','6'),
('554','3','4'),
('555','1','5'),
('556','8','8'),
('558','6','2'),
('559','6','7'),
('560','9','1'),
('561','5','1'),
('562','7','2'),
('563','2','3'),
('564','3','7'),
('567','3','2'),
('568','8','8'),
('569','6','1'),
('570','1','8'),
('571','7','5'),
('572','9','8'),
('573','8','2'),
('574','8','6'),
('575','4','2'),
('576','2','6'),
('577','7','9'),
('578','4','2'),
('579','5','3'),
('580','2','8'),
('581','6','3'),
('582','5','6'),
('583','9','2'),
('584','5','2'),
('585','9','1'),
('587','1','8'),
('588','2','9'),
('589','1','6'),
('590','4','6'),
('591','2','4'),
('592','6','9'),
('593','1','5'),
('594','4','2'),
('595','9','6'),
('596','4','5'),
('597','7','2'),
('598','4','6'),
('599','4','6'),
('600','2','7'); 


DROP TABLE IF EXISTS `profiles`;
CREATE TABLE `profiles` (
  `user_id` bigint(20) unsigned NOT NULL AUTO_INCREMENT,
  `gender` char(1) COLLATE utf8_unicode_ci DEFAULT NULL,
  `birthday` date DEFAULT NULL,
  `photo_id` bigint(20) unsigned DEFAULT NULL,
  `created_at` datetime DEFAULT current_timestamp(),
  `hometown` varchar(100) COLLATE utf8_unicode_ci DEFAULT NULL,
  PRIMARY KEY (`user_id`),
  CONSTRAINT `profiles_ibfk_1` FOREIGN KEY (`user_id`) REFERENCES `users` (`id`) ON UPDATE CASCADE
) ENGINE=InnoDB AUTO_INCREMENT=101 DEFAULT CHARSET=utf8 COLLATE=utf8_unicode_ci;

INSERT INTO `profiles` VALUES ('1','8','1984-01-27','501','2012-06-26 01:03:24','8'),
('2','6','1980-06-22','503','1977-05-25 16:43:58','5'),
('3','6','1987-06-08','504','2006-05-17 13:02:12',''),
('4','4','2003-05-19','505','2009-10-16 11:25:23',''),
('5','6','1984-06-24','506','2019-07-23 19:32:25',''),
('6','3','1985-09-12','507','2018-07-01 23:29:10','7'),
('7','','1998-11-25','508','1997-04-23 17:23:40','3'),
('8','3','1973-11-16','509','1972-12-31 10:40:14','4'),
('9','7','2006-01-03','511','1981-01-27 18:12:10','8'),
('10','5','1994-12-03','513','1991-08-19 05:53:14','5'),
('11','','1972-09-28','514','2001-03-17 19:51:26','5'),
('12','4','1978-08-06','515','1998-10-31 13:46:16','4'),
('13','','2005-10-31','516','1999-03-10 01:37:23','3'),
('14','7','1988-04-02','517','1987-01-03 15:07:09','8'),
('15','7','1970-09-27','518','1981-01-04 08:31:40','1'),
('16','3','1973-03-26','519','2000-10-06 13:05:27','6'),
('17','4','1980-09-01','520','2002-02-14 15:11:23','5'),
('18','8','1987-11-12','521','2011-01-09 01:00:03','2'),
('19','3','2007-03-09','522','2008-06-13 06:45:48','9'),
('20','7','1974-01-11','523','2001-09-23 19:37:25','2'),
('21','2','1971-07-26','524','2014-07-06 20:50:56','5'),
('22','2','1986-04-07','526','1971-09-26 05:50:54',''),
('23','4','1986-10-22','527','1984-03-21 20:51:38','8'),
('24','4','1977-10-24','528','2006-09-27 05:18:13','4'),
('25','','2009-04-30','529','2012-02-15 10:21:06','9'),
('26','4','1983-03-09','530','2003-02-16 09:12:48','8'),
('27','5','1975-08-24','531','1996-03-31 08:31:48','5'),
('28','4','1977-03-30','532','2000-02-06 18:13:13','1'),
('29','2','1979-09-12','533','1978-01-03 08:53:37','4'),
('30','5','2017-03-30','534','2014-10-28 19:21:37','8'),
('31','1','2004-06-19','535','1986-07-02 23:11:32','1'),
('32','8','1993-09-26','536','1978-05-12 07:01:03','5'),
('33','2','1973-05-01','537','2010-09-01 00:31:09','5'),
('34','8','1998-12-07','539','2003-05-21 17:19:54','1'),
('35','1','2008-10-31','540','1974-06-06 19:01:42','7'),
('36','3','1986-03-26','541','1994-03-15 07:37:33','5'),
('37','8','1976-05-04','542','2013-02-24 11:43:06',''),
('38','6','2019-10-30','543','1994-07-13 22:24:07','9'),
('39','4','2009-01-07','544','2014-01-12 22:01:07','4'),
('40','2','1975-08-09','546','2018-01-30 21:37:33','7'),
('41','8','2000-03-27','547','1984-01-11 22:29:46','8'),
('42','2','1997-04-14','548','2009-04-29 21:54:59','3'),
('43','3','1986-05-27','549','2006-07-20 10:41:50','4'),
('44','5','2017-02-02','550','1986-06-11 02:12:33','9'),
('45','6','1992-09-25','551','1989-12-19 12:13:37','4'),
('46','3','2009-11-21','552','1995-03-01 17:51:51','5'),
('47','','2005-06-04','554','1988-06-12 09:12:27','4'),
('48','6','1970-05-21','555','2006-08-24 03:44:20','9'),
('49','2','1983-05-20','556','2012-09-27 08:06:10','4'),
('50','5','1985-08-15','558','1986-06-15 21:57:12','1'),
('51','7','2016-03-23','559','1999-01-26 11:00:07','6'),
('52','8','2015-12-10','560','2015-10-15 01:31:17','3'),
('53','9','2003-02-07','561','2012-08-20 22:55:39','3'),
('54','3','1973-03-03','562','2000-09-20 15:25:45','2'),
('55','2','1988-10-19','563','1989-06-27 05:54:26','4'),
('56','3','1972-08-05','564','1991-05-15 12:53:20','3'),
('57','4','1977-02-21','567','2013-05-27 01:18:40','2'),
('58','6','2001-11-24','568','2011-03-06 15:22:35',''),
('59','5','1980-06-02','569','1972-07-31 20:15:55','1'),
('60','2','2013-06-30','570','2012-07-07 00:29:54','1'),
('61','6','1989-12-27','571','1986-12-28 15:12:22','5'),
('62','7','2008-05-01','572','1970-07-10 01:48:25','7'),
('63','9','1983-09-06','573','1985-02-15 03:46:41',''),
('64','6','2016-05-27','574','1971-01-30 14:25:50','3'),
('65','7','2019-12-11','575','2015-09-10 03:09:23','7'),
('66','7','1976-12-23','576','1992-09-13 17:19:40','4'),
('67','1','2006-05-11','577','1977-08-01 11:32:36','1'),
('68','6','2018-10-23','578','1983-05-24 02:23:36','2'),
('69','7','1974-03-20','579','2013-10-19 23:19:06','9'),
('70','4','2007-04-05','580','2006-01-11 22:43:51','3'),
('71','4','2019-08-05','581','1998-07-28 21:18:21','7'),
('72','6','2014-06-09','582','2019-10-12 00:40:32','1'),
('73','3','1989-10-11','583','1970-11-03 20:24:09','6'),
('74','3','2016-07-13','584','1993-04-27 19:32:43','2'),
('75','9','1979-07-30','585','2019-10-25 17:22:32','5'),
('76','1','2000-12-29','587','1975-07-18 21:26:52','9'),
('77','','2011-09-05','588','1970-10-15 13:36:10','2'),
('78','9','1974-06-15','589','1983-04-04 20:09:28','7'),
('79','2','2008-02-26','590','1974-10-31 07:07:33','8'),
('80','8','1971-10-18','591','1985-08-29 12:05:28','1'),
('81','8','1988-04-04','592','2019-11-25 03:25:57','5'),
('82','5','2004-10-06','593','2007-11-24 01:25:51','9'),
('83','3','2020-07-22','594','1995-11-17 22:16:56','4'),
('84','5','2017-09-27','595','1996-10-22 04:39:37','7'),
('85','2','1990-11-21','596','1974-11-16 01:48:53','8'),
('86','2','1970-03-28','597','1974-01-31 12:33:16',''),
('87','','1989-02-02','598','2003-05-08 07:09:51','2'),
('88','6','1983-09-18','599','1974-02-06 01:39:50','5'),
('89','5','1988-05-15','600','1984-04-08 19:11:32','1'),
('90','5','1979-01-31','501','1983-10-16 23:42:46',''),
('91','4','1984-02-03','503','2015-03-07 14:26:30','4'),
('92','','1977-08-09','504','2018-08-12 03:47:27','7'),
('93','1','1984-11-08','505','1978-05-05 02:59:54','9'),
('94','8','2018-11-15','506','1987-02-19 11:55:27',''),
('95','8','1975-03-01','507','1984-04-13 12:49:34','3'),
('96','1','1984-02-07','508','2020-08-05 01:49:13','4'),
('97','8','1989-07-31','509','2013-11-10 15:24:57','4'),
('98','7','2012-06-05','511','1976-09-08 19:17:07','8'),
('99','2','1995-06-10','513','1986-03-17 22:20:10','3'),
('100','9','2015-06-25','514','1988-03-05 05:20:17','3'); 


DROP TABLE IF EXISTS `users`;
CREATE TABLE `users` (
  `id` bigint(20) unsigned NOT NULL AUTO_INCREMENT,
  `firstname` varchar(50) COLLATE utf8_unicode_ci DEFAULT NULL,
  `lastname` varchar(50) COLLATE utf8_unicode_ci DEFAULT NULL COMMENT 'Фамиль',
  `email` varchar(120) COLLATE utf8_unicode_ci DEFAULT NULL,
  `phone` bigint(20) DEFAULT NULL,
  PRIMARY KEY (`id`),
  UNIQUE KEY `email` (`email`),
  KEY `users_phone_idx` (`phone`),
  KEY `users_firstname_lastname_idx` (`firstname`,`lastname`)
) ENGINE=InnoDB AUTO_INCREMENT=101 DEFAULT CHARSET=utf8 COLLATE=utf8_unicode_ci;

INSERT INTO `users` VALUES ('1','Dennis','Kovacek','djohns@example.org','131932'),
('2','Shaylee','Jacobi','adella31@example.com','655478'),
('3','Arlene','Fritsch','wilkinson.hyman@example.com','0'),
('4','Daisha','Robel','viola55@example.org','0'),
('5','Jaeden','VonRueden','erika.hackett@example.net','5525268859'),
('6','Melvina','Ebert','orrin78@example.net','1'),
('7','Eleanore','Runte','serena.bruen@example.com','459060'),
('8','Gonzalo','Lindgren','ykertzmann@example.org','1'),
('9','Josiane','McCullough','vauer@example.com','215'),
('10','Samantha','Spinka','turner39@example.net','849'),
('11','Lucinda','Schamberger','muller.clyde@example.net','0'),
('12','Kathryn','Wisozk','melyna87@example.org','1'),
('13','Petra','Bashirian','ywaters@example.net','0'),
('14','Fiona','Beier','emie.feil@example.com','0'),
('15','Antwan','Breitenberg','leannon.janick@example.net','699453'),
('16','Loyce','Metz','tomas.bednar@example.net','4451671249'),
('17','Easton','Grant','doug01@example.com','1'),
('18','Joe','Keebler','jhowe@example.org','40'),
('19','Eloy','Towne','dimitri55@example.com','332'),
('20','Tessie','Schoen','kamryn29@example.org','1'),
('21','Newell','Wintheiser','ytoy@example.org','2655218230'),
('22','Davion','O\'Hara','sydney.gulgowski@example.com','984547'),
('23','Bridgette','Effertz','marlin.mraz@example.net','910'),
('24','Triston','Krajcik','andres.armstrong@example.com','265461'),
('25','Logan','Keebler','tbotsford@example.org','163'),
('26','Koby','Streich','eveline.ratke@example.com','692020'),
('27','Vena','Ullrich','kraig53@example.net','526281'),
('28','Barbara','Lesch','arden.gutkowski@example.com','0'),
('29','Taylor','Rath','mya.gibson@example.com','883730'),
('30','Douglas','Rippin','casper.julio@example.net','166'),
('31','Caleigh','Veum','pbednar@example.com','1'),
('32','Marty','Weissnat','abner.wuckert@example.org','783607'),
('33','Gust','Kilback','hauck.sean@example.net','5953858999'),
('34','Norberto','Grady','smitham.emil@example.net','0'),
('35','Marcelina','Brekke','ghermann@example.org','0'),
('36','Jayden','Cronin','eudora64@example.org','198065'),
('37','Brooks','D\'Amore','wconsidine@example.net','632570'),
('38','Kallie','Walter','emelie.nikolaus@example.org','940117'),
('39','Adah','Marquardt','paris45@example.net','479'),
('40','Hudson','Okuneva','colt.schmitt@example.org','351'),
('41','Dewitt','Reinger','audra.moore@example.com','24'),
('42','Donny','Purdy','barbara.spinka@example.net','1'),
('43','Abagail','Mills','thalia.zemlak@example.org','1'),
('44','Benton','Marvin','rollin08@example.org','1'),
('45','Effie','Klein','crona.stephon@example.org','822'),
('46','Moses','Schaden','jace91@example.org','0'),
('47','Marcia','Flatley','semard@example.org','172989'),
('48','Leatha','Sipes','glenda93@example.org','0'),
('49','Micah','Stamm','shanahan.garret@example.org','1'),
('50','Peggie','Abernathy','aconn@example.net','690615'),
('51','Roel','Paucek','hartmann.janelle@example.org','0'),
('52','Mary','Nikolaus','ivory32@example.org','355'),
('53','Cesar','Torp','doyle.yazmin@example.org','1'),
('54','Hershel','Gleichner','edward.skiles@example.com','0'),
('55','Daisha','Wolff','hschuppe@example.org','1'),
('56','Billie','Maggio','kabernathy@example.net','32'),
('57','Muriel','Kuhic','ijast@example.net','89'),
('58','Gisselle','Bechtelar','prosacco.esmeralda@example.net','212'),
('59','Orland','Fahey','ondricka.genoveva@example.org','0'),
('60','Jailyn','Gorczany','gina34@example.net','956826'),
('61','Abner','Mante','breanna.buckridge@example.com','689'),
('62','Letitia','Reilly','jgerlach@example.org','92'),
('63','Percy','Barton','sunny44@example.net','1'),
('64','Preston','Carter','amos.jenkins@example.net','1'),
('65','Lurline','Paucek','raul27@example.com','2104351713'),
('66','Devan','Oberbrunner','josianne.zulauf@example.net','883126'),
('67','Tyrique','Wisoky','idoyle@example.net','883280'),
('68','Liam','Renner','gfisher@example.com','0'),
('69','Timmothy','Borer','hadley.gutkowski@example.net','1'),
('70','Geovanni','Crona','wgutkowski@example.org','320'),
('71','Heath','Kuhlman','fred.cummings@example.org','1455285229'),
('72','Ella','Lehner','camille65@example.net','34'),
('73','Deshawn','Hagenes','xking@example.net','536'),
('74','Emmett','Jerde','hagenes.ronaldo@example.net','522352'),
('75','Meagan','Johnston','ferry.bella@example.com','239'),
('76','Osvaldo','Heller','adouglas@example.com','45'),
('77','Jaime','Armstrong','kennedi.o\'conner@example.org','516'),
('78','Grover','Huels','roscoe91@example.com','99'),
('79','Alfreda','Bauch','jgutmann@example.org','18386'),
('80','Santos','Ankunding','dkunde@example.net','0'),
('81','Marguerite','Kreiger','dwight58@example.com','841'),
('82','Erica','Anderson','hayes.logan@example.org','0'),
('83','Delta','Koepp','fkoelpin@example.com','8257451926'),
('84','Ross','Murphy','gaylord.bill@example.org','0'),
('85','Crystel','Osinski','torphy.jamey@example.org','2173770319'),
('86','Osbaldo','Streich','jstark@example.org','198622'),
('87','Kirk','Leuschke','renner.josephine@example.com','3075548796'),
('88','Vern','Reichel','mckenzie.lloyd@example.com','1'),
('89','Schuyler','Carroll','august20@example.org','10'),
('90','Dax','Bergnaum','maggie.littel@example.net','54515'),
('91','Anjali','Fritsch','leif.mayer@example.org','398586'),
('92','Hadley','Runolfsson','wilton73@example.net','0'),
('93','Alfreda','O\'Conner','chyna.rippin@example.org','24307'),
('94','Leanna','Swaniawski','stiedemann.ransom@example.org','1'),
('95','Vergie','Ratke','zelda.senger@example.org','1'),
('96','Timothy','Quitzon','feest.mayra@example.net','1'),
('97','Mckayla','Wolf','helena.terry@example.org','1'),
('98','Sabryna','Hyatt','alicia.lebsack@example.com','643'),
('99','Katharina','Altenwerth','adella44@example.com','7960749226'),
('100','Royal','Kub','vicente69@example.net','0'); 


DROP TABLE IF EXISTS `users_communities`;
CREATE TABLE `users_communities` (
  `user_id` bigint(20) unsigned NOT NULL,
  `community_id` bigint(20) unsigned NOT NULL,
  PRIMARY KEY (`user_id`,`community_id`),
  KEY `community_id` (`community_id`),
  CONSTRAINT `users_communities_ibfk_1` FOREIGN KEY (`user_id`) REFERENCES `users` (`id`),
  CONSTRAINT `users_communities_ibfk_2` FOREIGN KEY (`community_id`) REFERENCES `communities` (`id`)
) ENGINE=InnoDB DEFAULT CHARSET=utf8 COLLATE=utf8_unicode_ci;

INSERT INTO `users_communities` VALUES ('1','1'),
('2','2'),
('3','3'),
('4','4'),
('5','5'),
('6','6'),
('7','7'),
('8','8'),
('9','9'),
('10','10'),
('11','11'),
('12','12'),
('13','13'),
('14','14'),
('15','15'),
('16','16'),
('17','17'),
('18','18'),
('19','19'),
('20','20'),
('21','21'),
('22','22'),
('23','23'),
('24','24'),
('25','25'),
('26','26'),
('27','27'),
('28','28'),
('29','29'),
('30','30'),
('31','31'),
('32','32'),
('33','33'),
('34','34'),
('35','35'),
('36','36'),
('37','37'),
('38','38'),
('39','39'),
('40','40'),
('41','41'),
('42','42'),
('43','43'),
('44','44'),
('45','45'),
('46','46'),
('47','47'),
('48','48'),
('49','49'),
('50','50'),
('51','51'),
('52','52'),
('53','53'),
('54','54'),
('55','55'),
('56','56'),
('57','57'),
('58','58'),
('59','59'),
('60','60'),
('61','61'),
('62','62'),
('63','63'),
('64','64'),
('65','65'),
('66','66'),
('67','67'),
('68','68'),
('69','69'),
('70','70'),
('71','71'),
('72','72'),
('73','73'),
('74','74'),
('75','75'),
('76','76'),
('77','77'),
('78','78'),
('79','79'),
('80','80'),
('81','81'),
('82','82'),
('83','83'),
('84','84'),
('85','85'),
('86','86'),
('87','87'),
('88','88'),
('89','89'),
('90','90'),
('91','91'),
('92','92'),
('93','93'),
('94','94'),
('95','95'),
('96','96'),
('97','97'),
('98','98'),
('99','99'),
('100','100'); 




/*!40101 SET SQL_MODE=@OLD_SQL_MODE */;
/*!40014 SET FOREIGN_KEY_CHECKS=@OLD_FOREIGN_KEY_CHECKS */;
/*!40014 SET UNIQUE_CHECKS=@OLD_UNIQUE_CHECKS */;
/*!40101 SET CHARACTER_SET_CLIENT=@OLD_CHARACTER_SET_CLIENT */;
/*!40101 SET CHARACTER_SET_RESULTS=@OLD_CHARACTER_SET_RESULTS */;
/*!40101 SET COLLATION_CONNECTION=@OLD_COLLATION_CONNECTION */;
/*!40111 SET SQL_NOTES=@OLD_SQL_NOTES */;

